campaign_id,brand,category,tier,start_date,end_date,duration_days,campaign_type,festival_tag,uv,orders,gmv,refund_rate,sku_count,conversion_rate,aov,new_buyer_ratio
CAMP00001,耐克,运动户外,国际一线,2024-07-06,2024-07-10,4,常规场次,,23309,949,596988.98,0.08284857142857144,35,0.0407,629.07,0.2455
CAMP00002,耐克,运动户外,国际一线,2024-07-14,2024-07-21,7,常规场次,,29745,1440,727417.28,0.08374545454545454,33,0.0484,505.15,0.3363
CAMP00003,耐克,运动户外,国际一线,2024-08-13,2024-08-18,5,常规场次,,25407,990,485037.1,0.08149137931034482,58,0.039,489.94,0.4291
CAMP00004,耐克,运动户外,国际一线,2024-08-29,2024-09-04,6,常规场次,,25421,1167,651484.96,0.0855622641509434,53,0.0459,558.26,0.2743
CAMP00005,耐克,运动户外,国际一线,2024-08-30,2024-09-04,5,常规场次,,22964,1068,666951.2100000001,0.08941142857142857,35,0.0465,624.49,0.3297
CAMP00006,耐克,运动户外,国际一线,2024-10-04,2024-10-07,3,清仓专场,,13951,893,273994.09,0.08451076923076922,65,0.064,306.82,0.2151
CAMP00007,耐克,运动户外,国际一线,2024-10-14,2024-10-18,4,大促联动,,19812,1179,553694.35,0.08715588235294117,34,0.0595,469.63,0.2478
CAMP00008,耐克,运动户外,国际一线,2024-10-15,2024-10-18,3,新品首发,,17545,449,306883.68,0.08487428571428572,35,0.0256,683.48,0.3776
CAMP00009,耐克,运动户外,国际一线,2024-10-25,2024-10-30,5,常规场次,,26560,1137,600890.16,0.08139672131147542,61,0.0428,528.49,0.2371
CAMP00010,耐克,运动户外,国际一线,2024-10-27,2024-10-31,4,大促联动,,20558,1391,829130.68,0.08475454545454546,33,0.0677,596.07,0.3995
CAMP00011,耐克,运动户外,国际一线,2024-11-02,2024-11-09,7,大促联动,,39071,2158,1037682.4400000001,0.08398367346938775,49,0.0552,480.85,0.3551
CAMP00012,耐克,运动户外,国际一线,2024-11-11,2024-11-15,4,大促联动,双11爆发,72742,4940,2165125.12,0.08953859649122807,57,0.0679,438.28,0.1553
CAMP00013,耐克,运动户外,国际一线,2024-12-04,2024-12-09,5,常规场次,,26936,1384,792364.62,0.08465714285714286,42,0.0514,572.52,0.3294
CAMP00014,耐克,运动户外,国际一线,2024-12-27,2024-12-31,4,大促联动,,16603,900,475154.52999999997,0.08932820512820513,39,0.0542,527.95,0.2074
CAMP00015,耐克,运动户外,国际一线,2025-01-04,2025-01-11,7,新品首发,,34143,965,672153.36,0.08996666666666667,57,0.0283,696.53,0.3162
CAMP00016,耐克,运动户外,国际一线,2025-01-08,2025-01-12,4,常规场次,,22832,1232,893834.72,0.08551296296296297,54,0.054,725.52,0.2081
CAMP00017,耐克,运动户外,国际一线,2025-01-19,2025-01-23,4,大促联动,年货节,33940,2235,1269113.8,0.08603272727272727,55,0.0659,567.84,0.4176
CAMP00018,耐克,运动户外,国际一线,2025-01-22,2025-01-27,5,常规场次,,26199,1144,601949.87,0.08273898305084745,59,0.0437,526.18,0.2953
CAMP00019,耐克,运动户外,国际一线,2025-01-24,2025-01-29,5,清仓专场,,30343,2048,865239.79,0.08639636363636365,55,0.0675,422.48,0.2713
CAMP00020,耐克,运动户外,国际一线,2025-01-26,2025-01-31,5,新品首发,,26792,955,618215.91,0.08336181818181819,55,0.0356,647.35,0.3614
CAMP00021,耐克,运动户外,国际一线,2025-02-24,2025-03-01,5,清仓专场,,30353,2319,658267.74,0.08490277777777779,36,0.0764,283.86,0.2938
CAMP00022,耐克,运动户外,国际一线,2025-03-08,2025-03-11,3,大促联动,38女王节,27684,1692,725480.5599999999,0.0888676923076923,65,0.0611,428.77,0.258
CAMP00023,耐克,运动户外,国际一线,2025-03-09,2025-03-12,3,常规场次,,17328,794,494670.67,0.08427948717948719,39,0.0458,623.01,0.2598
CAMP00024,耐克,运动户外,国际一线,2025-04-27,2025-04-30,3,新品首发,,18053,486,353783.51,0.08475094339622641,53,0.0269,727.95,0.3194
CAMP00025,耐克,运动户外,国际一线,2025-05-01,2025-05-05,4,大促联动,五一大促,26932,1618,660586.46,0.08782631578947368,38,0.0601,408.27,0.1534
CAMP00026,耐克,运动户外,国际一线,2025-05-02,2025-05-08,6,常规场次,,24393,1104,460527.27999999997,0.08067857142857143,42,0.0453,417.14,0.3534
CAMP00027,耐克,运动户外,国际一线,2025-05-15,2025-05-19,4,清仓专场,,17233,1273,466652.25,0.08069538461538461,65,0.0739,366.58,0.4
CAMP00028,耐克,运动户外,国际一线,2025-06-01,2025-06-08,7,大促联动,,36396,2317,1167486.59,0.08567857142857142,56,0.0637,503.88,0.4497
CAMP00029,耐克,运动户外,国际一线,2025-06-08,2025-06-13,5,常规场次,,22184,939,548386.35,0.0842109375,64,0.0423,584.01,0.4303
CAMP00030,耐克,运动户外,国际一线,2025-06-21,2025-06-26,5,常规场次,,26937,1287,811154.88,0.08716666666666667,39,0.0478,630.27,0.2039
CAMP00031,阿迪达斯,运动户外,国际一线,2024-07-05,2024-07-10,5,大促联动,,28951,1635,779425.52,0.08730465116279071,43,0.0565,476.71,0.2462
CAMP00032,阿迪达斯,运动户外,国际一线,2024-07-07,2024-07-11,4,常规场次,,14031,580,353396.42,0.08519310344827587,29,0.0413,609.3,0.3817
CAMP00033,阿迪达斯,运动户外,国际一线,2024-08-08,2024-08-13,5,大促联动,周年庆预热,41071,2998,1298284.77,0.08407333333333335,30,0.073,433.05,0.3459
CAMP00034,阿迪达斯,运动户外,国际一线,2024-08-21,2024-08-26,5,大促联动,,31787,2170,1229397.21,0.07717916666666667,48,0.0683,566.54,0.1636
CAMP00035,阿迪达斯,运动户外,国际一线,2024-10-02,2024-10-06,4,新品首发,,15344,413,273698.69,0.08594310344827587,58,0.0269,662.71,0.3664
CAMP00036,阿迪达斯,运动户外,国际一线,2024-10-16,2024-10-20,4,新品首发,,19243,508,296031.66,0.08367936507936508,63,0.0264,582.74,0.4324
CAMP00037,阿迪达斯,运动户外,国际一线,2024-10-27,2024-11-01,5,新品首发,,18765,590,397410.86,0.08625178571428571,56,0.0314,673.58,0.3414
CAMP00038,阿迪达斯,运动户外,国际一线,2024-11-28,2024-12-02,4,新品首发,,21920,631,411088.87,0.08412539682539683,63,0.0288,651.49,0.3085
CAMP00039,阿迪达斯,运动户外,国际一线,2024-12-01,2024-12-05,4,大促联动,,14441,952,438798.81,0.08662264150943397,53,0.0659,460.92,0.2607
CAMP00040,阿迪达斯,运动户外,国际一线,2024-12-10,2024-12-15,5,大促联动,双12大促,44950,2902,1196608.46,0.08615581395348837,43,0.0646,412.34,0.2216
CAMP00041,阿迪达斯,运动户外,国际一线,2024-12-15,2024-12-20,5,新品首发,,25231,752,473170.49,0.07679545454545454,44,0.0298,629.22,0.3648
CAMP00042,阿迪达斯,运动户外,国际一线,2024-12-18,2024-12-24,6,常规场次,,26168,1296,787828.17,0.07879655172413792,58,0.0495,607.89,0.3752
CAMP00043,阿迪达斯,运动户外,国际一线,2024-12-26,2025-01-02,7,新品首发,,27761,762,477229.57,0.08228431372549021,51,0.0274,626.29,0.2237
CAMP00044,阿迪达斯,运动户外,国际一线,2025-01-01,2025-01-05,4,常规场次,,13241,623,318120.86,0.08771315789473684,38,0.0471,510.63,0.3335
CAMP00045,阿迪达斯,运动户外,国际一线,2025-01-03,2025-01-08,5,大促联动,,19595,1075,538825.71,0.08671304347826087,46,0.0549,501.23,0.2929
CAMP00046,阿迪达斯,运动户外,国际一线,2025-01-04,2025-01-08,4,清仓专场,,24344,1579,495397.76,0.07845121951219512,41,0.0649,313.74,0.2484
CAMP00047,阿迪达斯,运动户外,国际一线,2025-01-16,2025-01-21,5,大促联动,年货节,40315,2837,1389480.01,0.08558888888888888,36,0.0704,489.77,0.269
CAMP00048,阿迪达斯,运动户外,国际一线,2025-01-25,2025-02-01,7,常规场次,,31467,1456,721424.5700000001,0.07652903225806451,31,0.0463,495.48,0.3163
CAMP00049,阿迪达斯,运动户外,国际一线,2025-02-09,2025-02-14,5,大促联动,情人节,28163,1770,774124.5499999999,0.08424909090909091,55,0.0628,437.36,0.3632
CAMP00050,阿迪达斯,运动户外,国际一线,2025-02-10,2025-02-15,5,大促联动,情人节,29422,1936,1287118.55,0.08865666666666666,30,0.0658,664.83,0.3981
CAMP00051,阿迪达斯,运动户外,国际一线,2025-03-13,2025-03-18,5,常规场次,,25395,1202,721956.98,0.07742045454545454,44,0.0473,600.63,0.1909
CAMP00052,阿迪达斯,运动户外,国际一线,2025-03-26,2025-04-01,6,清仓专场,,28076,2110,694492.45,0.08166190476190477,42,0.0752,329.14,0.2354
CAMP00053,阿迪达斯,运动户外,国际一线,2025-04-01,2025-04-06,5,大促联动,,21954,1614,840136.57,0.0836909090909091,33,0.0735,520.53,0.4404
CAMP00054,阿迪达斯,运动户外,国际一线,2025-04-05,2025-04-09,4,清仓专场,,22063,1552,429088.35,0.08292000000000001,35,0.0703,276.47,0.2158
CAMP00055,阿迪达斯,运动户外,国际一线,2025-04-08,2025-04-13,5,常规场次,,23826,1249,714321.58,0.0772548387096774,31,0.0524,571.91,0.1684
CAMP00056,阿迪达斯,运动户外,国际一线,2025-04-17,2025-04-24,7,大促联动,,36722,2090,914409.96,0.08981578947368422,57,0.0569,437.52,0.1785
CAMP00057,阿迪达斯,运动户外,国际一线,2025-04-21,2025-04-24,3,大促联动,,12728,810,325387.85,0.08950625,32,0.0636,401.71,0.4275
CAMP00058,阿迪达斯,运动户外,国际一线,2025-04-29,2025-05-03,4,大促联动,五一大促,26854,1461,769901.86,0.08373409090909091,44,0.0544,526.97,0.179
CAMP00059,阿迪达斯,运动户外,国际一线,2025-06-10,2025-06-14,4,常规场次,,19168,802,422324.35,0.08368387096774194,31,0.0418,526.59,0.3728
CAMP00060,阿迪达斯,运动户外,国际一线,2025-06-14,2025-06-20,6,大促联动,618大促,80078,5610,3016596.7600000002,0.08304814814814815,54,0.0701,537.72,0.3417
CAMP00061,安德玛,运动户外,国际一线,2024-07-09,2024-07-12,3,大促联动,,9909,706,253669.71000000002,0.08156363636363637,33,0.0712,359.31,0.3618
CAMP00062,安德玛,运动户外,国际一线,2024-08-03,2024-08-08,5,大促联动,周年庆预热,25177,1848,604279.18,0.07683846153846154,26,0.0734,326.99,0.367
CAMP00063,安德玛,运动户外,国际一线,2024-08-13,2024-08-18,5,清仓专场,,17061,1347,291635.63,0.08253888888888888,36,0.079,216.51,0.1515
CAMP00064,安德玛,运动户外,国际一线,2024-09-02,2024-09-06,4,清仓专场,,13497,1040,209339.63,0.076824,25,0.0771,201.29,0.3919
CAMP00065,安德玛,运动户外,国际一线,2024-09-12,2024-09-19,7,常规场次,,24948,1253,509394.99,0.08563,20,0.0502,406.54,0.2547
CAMP00066,安德玛,运动户外,国际一线,2024-10-03,2024-10-09,6,大促联动,,25079,1791,524213.67,0.08127391304347827,23,0.0714,292.69,0.2882
CAMP00067,安德玛,运动户外,国际一线,2024-10-11,2024-10-18,7,常规场次,,24829,1260,572330.83,0.08183714285714286,35,0.0507,454.23,0.4096
CAMP00068,安德玛,运动户外,国际一线,2024-11-22,2024-11-28,6,大促联动,,22340,1517,365434.14999999997,0.08067142857142857,28,0.0679,240.89,0.2219
CAMP00069,安德玛,运动户外,国际一线,2024-11-24,2024-11-30,6,常规场次,,25342,1478,399388.02,0.0740923076923077,26,0.0583,270.22,0.4406
CAMP00070,安德玛,运动户外,国际一线,2024-11-30,2024-12-03,3,大促联动,,10825,779,241418.51,0.08111621621621622,37,0.072,309.91,0.4011
CAMP00071,安德玛,运动户外,国际一线,2024-12-16,2024-12-21,5,大促联动,,20179,1394,376288.76,0.0794206896551724,29,0.0691,269.93,0.1964
CAMP00072,安德玛,运动户外,国际一线,2024-12-27,2025-01-01,5,新品首发,,13682,483,164315.47,0.07429999999999999,37,0.0353,340.2,0.4257
CAMP00073,安德玛,运动户外,国际一线,2024-12-31,2025-01-04,4,大促联动,,13142,874,292554.09,0.0869,38,0.0665,334.73,0.1853
CAMP00074,安德玛,运动户外,国际一线,2025-01-18,2025-01-24,6,大促联动,年货节,30976,2031,737958.0800000001,0.081135,40,0.0656,363.35,0.3402
CAMP00075,安德玛,运动户外,国际一线,2025-01-26,2025-02-02,7,常规场次,,18957,969,333600.22,0.08318275862068966,29,0.0511,344.27,0.4494
CAMP00076,安德玛,运动户外,国际一线,2025-02-28,2025-03-07,7,新品首发,,24123,824,431249.08,0.08567307692307692,26,0.0342,523.36,0.2001
CAMP00077,安德玛,运动户外,国际一线,2025-03-28,2025-04-02,5,清仓专场,,16101,1179,269863.75,0.08078571428571428,28,0.0732,228.89,0.3496
CAMP00078,安德玛,运动户外,国际一线,2025-04-14,2025-04-19,5,大促联动,换季焕新,25551,1651,468442.55,0.08059130434782609,23,0.0646,283.73,0.2812
CAMP00079,安德玛,运动户外,国际一线,2025-04-30,2025-05-04,4,大促联动,五一大促,19885,1383,476511.96,0.08054,40,0.0695,344.55,0.3394
CAMP00080,安德玛,运动户外,国际一线,2025-05-01,2025-05-07,6,大促联动,五一大促,31733,2177,626456.16,0.07986,35,0.0686,287.76,0.3669
CAMP00081,安德玛,运动户外,国际一线,2025-05-14,2025-05-17,3,新品首发,,11334,437,169273.94,0.07682307692307692,26,0.0386,387.35,0.2007
CAMP00082,安德玛,运动户外,国际一线,2025-05-20,2025-05-25,5,新品首发,,16991,624,286139.35,0.080078125,32,0.0367,458.56,0.4095
CAMP00083,安德玛,运动户外,国际一线,2025-06-16,2025-06-21,5,大促联动,618大促,29974,2132,567072.36,0.08338571428571429,28,0.0711,265.98,0.3753
CAMP00084,安德玛,运动户外,国际一线,2025-06-20,2025-06-24,4,清仓专场,,16723,1282,410516.9,0.07195185185185185,27,0.0767,320.22,0.3072
CAMP00085,Reebok,运动户外,国际一线,2024-07-23,2024-07-28,5,大促联动,,15132,788,220728.08000000002,0.08510625000000001,16,0.0521,280.11,0.1882
CAMP00086,Reebok,运动户外,国际一线,2024-07-28,2024-08-03,6,常规场次,,17889,921,282601.27,0.079034375,32,0.0515,306.84,0.2062
CAMP00087,Reebok,运动户外,国际一线,2024-09-12,2024-09-18,6,常规场次,,17386,783,233202.74000000002,0.08516060606060606,33,0.045,297.83,0.3272
CAMP00088,Reebok,运动户外,国际一线,2024-10-07,2024-10-12,5,常规场次,,16250,706,250633.13999999998,0.097705,20,0.0434,355.0,0.3477
CAMP00089,Reebok,运动户外,国际一线,2024-10-28,2024-11-04,7,新品首发,,19946,639,276310.07,0.08981785714285714,28,0.032,432.41,0.2417
CAMP00090,Reebok,运动户外,国际一线,2024-11-03,2024-11-10,7,新品首发,,19832,660,284253.4,0.0828,32,0.0333,430.69,0.4155
CAMP00091,Reebok,运动户外,国际一线,2024-11-07,2024-11-12,5,大促联动,双11爆发,43570,2263,672003.21,0.07762000000000001,30,0.0519,296.95,0.189
CAMP00092,Reebok,运动户外,国际一线,2024-11-08,2024-11-12,4,大促联动,双11爆发,32794,2334,639936.25,0.08673125000000001,16,0.0712,274.18,0.3658
CAMP00093,Reebok,运动户外,国际一线,2024-11-16,2024-11-23,7,新品首发,,20358,616,235434.85,0.08587307692307691,26,0.0303,382.2,0.376
CAMP00094,Reebok,运动户外,国际一线,2024-11-17,2024-11-23,6,常规场次,,13562,708,236916.47,0.08766296296296296,27,0.0522,334.63,0.2898
CAMP00095,Reebok,运动户外,国际一线,2024-11-18,2024-11-22,4,大促联动,,13309,703,230667.61,0.09324838709677419,31,0.0528,328.12,0.3163
CAMP00096,Reebok,运动户外,国际一线,2024-11-21,2024-11-24,3,常规场次,,8208,394,128697.37999999999,0.084092,25,0.048,326.64,0.4144
CAMP00097,Reebok,运动户外,国际一线,2024-12-12,2024-12-17,5,大促联动,双12大促,18778,1106,342693.49,0.08061428571428572,28,0.0589,309.85,0.2643
CAMP00098,Reebok,运动户外,国际一线,2024-12-19,2024-12-25,6,大促联动,,20083,1010,359483.9,0.09003214285714287,28,0.0503,355.92,0.3896
CAMP00099,Reebok,运动户外,国际一线,2025-01-26,2025-01-29,3,新品首发,,8124,225,107884.09,0.0920842105263158,19,0.0277,479.48,0.325
CAMP00100,Reebok,运动户外,国际一线,2025-03-31,2025-04-04,4,清仓专场,,8243,502,102078.4,0.08621666666666666,24,0.0609,203.34,0.3752
CAMP00101,Reebok,运动户外,国际一线,2025-05-11,2025-05-14,3,常规场次,,8341,410,141597.03,0.08174814814814814,27,0.0492,345.36,0.2036
CAMP00102,Reebok,运动户外,国际一线,2025-05-13,2025-05-18,5,清仓专场,,13727,936,218486.34,0.08259999999999999,20,0.0682,233.43,0.3639
CAMP00103,Reebok,运动户外,国际一线,2025-05-15,2025-05-19,4,新品首发,,12706,331,140790.45,0.091009375,32,0.0261,425.35,0.2597
CAMP00104,Speedo,运动户外,国际专业,2024-07-14,2024-07-19,5,新品首发,,8595,265,84763.78,0.08268947368421052,19,0.0308,319.86,0.2589
CAMP00105,Speedo,运动户外,国际专业,2024-07-27,2024-07-31,4,清仓专场,,6822,435,85441.41,0.09637333333333334,15,0.0638,196.42,0.2951
CAMP00106,Speedo,运动户外,国际专业,2024-08-14,2024-08-19,5,新品首发,,10486,322,89610.89,0.077316,25,0.0307,278.29,0.2972
CAMP00107,Speedo,运动户外,国际专业,2024-08-21,2024-08-27,6,清仓专场,,9798,675,117302.5,0.07671333333333334,15,0.0689,173.78,0.311
CAMP00108,Speedo,运动户外,国际专业,2024-10-08,2024-10-12,4,清仓专场,,10206,807,117184.91,0.08309375,16,0.0791,145.21,0.1902
CAMP00109,Speedo,运动户外,国际专业,2024-10-23,2024-10-28,5,新品首发,,9942,252,96583.31,0.08066000000000001,25,0.0253,383.27,0.1661
CAMP00110,Speedo,运动户外,国际专业,2024-10-26,2024-10-31,5,常规场次,,11086,587,172285.15,0.08382608695652173,23,0.0529,293.5,0.2126
CAMP00111,Speedo,运动户外,国际专业,2024-11-23,2024-11-30,7,常规场次,,13510,650,196670.59,0.08189285714285714,14,0.0481,302.57,0.315
CAMP00112,Speedo,运动户外,国际专业,2024-11-28,2024-12-03,5,清仓专场,,11509,793,152226.43,0.08210416666666666,24,0.0689,191.96,0.3602
CAMP00113,Speedo,运动户外,国际专业,2024-11-30,2024-12-05,5,大促联动,,12546,620,134877.93,0.08742631578947369,19,0.0494,217.55,0.3346
CAMP00114,Speedo,运动户外,国际专业,2024-12-30,2025-01-06,7,常规场次,,17574,849,200214.94,0.08060769230769231,26,0.0483,235.82,0.3971
CAMP00115,Speedo,运动户外,国际专业,2025-02-21,2025-02-28,7,常规场次,,15278,803,225402.31,0.08588333333333333,12,0.0526,280.7,0.1559
CAMP00116,Speedo,运动户外,国际专业,2025-04-05,2025-04-11,6,常规场次,,10101,518,183820.06,0.08516,20,0.0513,354.86,0.3314
CAMP00117,Speedo,运动户外,国际专业,2025-05-07,2025-05-13,6,大促联动,,11798,907,179767.47,0.08487222222222222,18,0.0769,198.2,0.3462
CAMP00118,Speedo,运动户外,国际专业,2025-05-15,2025-05-18,3,新品首发,,6148,220,49250.08,0.08071111111111111,18,0.0358,223.86,0.3785
CAMP00119,Speedo,运动户外,国际专业,2025-06-17,2025-06-23,6,大促联动,618大促,27744,1778,474222.93,0.08249999999999999,20,0.0641,266.72,0.4074
CAMP00120,李宁,运动户外,国产一线,2024-07-06,2024-07-10,4,清仓专场,,19851,1384,250170.02,0.0885325,40,0.0697,180.76,0.2678
CAMP00121,李宁,运动户外,国产一线,2024-07-12,2024-07-17,5,常规场次,,19489,654,227052.04,0.08819999999999999,28,0.0336,347.17,0.2985
CAMP00122,李宁,运动户外,国产一线,2024-07-13,2024-07-17,4,新品首发,,13841,470,183408.02000000002,0.086175,36,0.034,390.23,0.1565
CAMP00123,李宁,运动户外,国产一线,2024-07-29,2024-08-03,5,常规场次,,21488,1092,400095.66000000003,0.07968064516129032,31,0.0508,366.39,0.2091
CAMP00124,李宁,运动户外,国产一线,2024-08-03,2024-08-07,4,大促联动,,13773,907,267237.7,0.087390625,32,0.0659,294.64,0.186
CAMP00125,李宁,运动户外,国产一线,2024-08-17,2024-08-23,6,常规场次,,22544,1139,355119.54,0.08224999999999999,30,0.0505,311.78,0.2099
CAMP00126,李宁,运动户外,国产一线,2024-08-27,2024-09-01,5,大促联动,,20132,1416,418582.54,0.07635882352941177,34,0.0703,295.61,0.4476
CAMP00127,李宁,运动户外,国产一线,2024-10-02,2024-10-07,5,常规场次,,21215,968,369068.79,0.0866,44,0.0456,381.27,0.4187
CAMP00128,李宁,运动户外,国产一线,2024-10-07,2024-10-12,5,常规场次,,18114,855,262513.03,0.08608846153846154,26,0.0472,307.03,0.2689
CAMP00129,李宁,运动户外,国产一线,2024-10-15,2024-10-19,4,新品首发,,14467,453,181415.2,0.08094473684210526,38,0.0313,400.48,0.3855
CAMP00130,李宁,运动户外,国产一线,2024-11-15,2024-11-19,4,常规场次,,15100,683,211451.87,0.08982745098039216,51,0.0452,309.59,0.2846
CAMP00131,李宁,运动户外,国产一线,2024-11-24,2024-11-29,5,清仓专场,,18119,1209,249260.49,0.08834571428571428,35,0.0667,206.17,0.3554
CAMP00132,李宁,运动户外,国产一线,2024-12-05,2024-12-10,5,新品首发,,18125,414,154251.88999999998,0.09464615384615384,26,0.0228,372.59,0.2539
CAMP00133,李宁,运动户外,国产一线,2024-12-21,2024-12-25,4,常规场次,,14977,888,206565.56,0.08004390243902439,41,0.0593,232.62,0.2895
CAMP00134,李宁,运动户外,国产一线,2025-01-03,2025-01-08,5,清仓专场,,19747,1412,276574.48,0.08881063829787235,47,0.0715,195.87,0.4196
CAMP00135,李宁,运动户外,国产一线,2025-01-05,2025-01-09,4,常规场次,,13054,625,200626.1,0.08503,50,0.0479,321.0,0.3627
CAMP00136,李宁,运动户外,国产一线,2025-01-20,2025-01-26,6,大促联动,年货节,32152,2172,678718.2,0.08430333333333334,30,0.0676,312.49,0.4394
CAMP00137,李宁,运动户外,国产一线,2025-01-22,2025-01-29,7,常规场次,,28008,1275,481113.37,0.088972,25,0.0455,377.34,0.3533
CAMP00138,李宁,运动户外,国产一线,2025-02-04,2025-02-11,7,新品首发,,27737,976,321011.53,0.087446875,32,0.0352,328.91,0.3778
CAMP00139,李宁,运动户外,国产一线,2025-02-05,2025-02-11,6,常规场次,,20701,1080,338577.0,0.08349722222222222,36,0.0522,313.5,0.3737
CAMP00140,李宁,运动户外,国产一线,2025-02-09,2025-02-15,6,大促联动,情人节,32042,2211,776350.6799999999,0.08699333333333333,45,0.069,351.13,0.2041
CAMP00141,李宁,运动户外,国产一线,2025-02-13,2025-02-19,6,大促联动,情人节,21875,1314,304568.23,0.09304186046511628,43,0.0601,231.79,0.1604
CAMP00142,李宁,运动户外,国产一线,2025-02-22,2025-03-01,7,新品首发,,29450,810,342576.57,0.08408372093023256,43,0.0275,422.93,0.4319
CAMP00143,李宁,运动户外,国产一线,2025-02-23,2025-03-01,6,常规场次,,24460,1104,341214.74,0.085484,25,0.0451,309.07,0.1608
CAMP00144,李宁,运动户外,国产一线,2025-04-13,2025-04-17,4,大促联动,换季焕新,19723,1317,340347.71,0.08809803921568628,51,0.0668,258.43,0.2247
CAMP00145,李宁,运动户外,国产一线,2025-04-20,2025-04-25,5,清仓专场,,19089,1207,196805.53,0.08376923076923076,26,0.0632,163.05,0.4361
CAMP00146,李宁,运动户外,国产一线,2025-05-17,2025-05-22,5,清仓专场,,19442,1474,274329.47,0.08699,30,0.0758,186.11,0.3795
CAMP00147,李宁,运动户外,国产一线,2025-06-12,2025-06-16,4,新品首发,,18053,571,196677.38,0.08488979591836734,49,0.0316,344.44,0.2165
CAMP00148,斯凯奇,运动户外,国际大众,2024-07-20,2024-07-24,4,常规场次,,11738,561,169589.9,0.0922488888888889,45,0.0478,302.3,0.3284
CAMP00149,斯凯奇,运动户外,国际大众,2024-08-02,2024-08-06,4,常规场次,,12451,541,172016.72,0.08983333333333333,39,0.0435,317.96,0.2871
CAMP00150,斯凯奇,运动户外,国际大众,2024-08-04,2024-08-09,5,大促联动,周年庆预热,15548,892,229947.12,0.08972954545454546,44,0.0574,257.79,0.2417
CAMP00151,斯凯奇,运动户外,国际大众,2024-09-03,2024-09-07,4,大促联动,,12308,698,225155.46,0.09123095238095238,42,0.0567,322.57,0.1614
CAMP00152,斯凯奇,运动户外,国际大众,2024-09-05,2024-09-09,4,大促联动,金秋焕新节,18080,1043,294940.53,0.09176052631578947,38,0.0577,282.78,0.2121
CAMP00153,斯凯奇,运动户外,国际大众,2024-09-29,2024-10-03,4,新品首发,,14109,371,126285.99,0.08611111111111112,27,0.0263,340.39,0.2844
CAMP00154,斯凯奇,运动户外,国际大众,2024-10-15,2024-10-22,7,大促联动,双11预售,43032,2614,686571.19,0.09320277777777779,36,0.0607,262.65,0.3759
CAMP00155,斯凯奇,运动户外,国际大众,2024-11-16,2024-11-20,4,常规场次,,11544,646,267630.23,0.08953703703703704,27,0.056,414.29,0.2682
CAMP00156,斯凯奇,运动户外,国际大众,2024-12-01,2024-12-07,6,常规场次,,19918,773,245407.16999999998,0.08787741935483871,31,0.0388,317.47,0.1733
CAMP00157,斯凯奇,运动户外,国际大众,2024-12-26,2024-12-30,4,常规场次,,15761,747,230892.62,0.08725999999999999,30,0.0474,309.09,0.2074
CAMP00158,斯凯奇,运动户外,国际大众,2025-01-09,2025-01-15,6,清仓专场,,19032,1378,299502.68,0.09700952380952381,21,0.0724,217.35,0.377
CAMP00159,斯凯奇,运动户外,国际大众,2025-01-16,2025-01-22,6,大促联动,年货节,38328,2496,831444.0800000001,0.08428518518518519,27,0.0651,333.11,0.4408
CAMP00160,斯凯奇,运动户外,国际大众,2025-01-19,2025-01-24,5,大促联动,年货节,29755,2008,498814.01,0.08802962962962962,27,0.0675,248.41,0.2376
CAMP00161,斯凯奇,运动户外,国际大众,2025-01-21,2025-01-25,4,常规场次,,14350,620,209091.46,0.09085454545454545,44,0.0432,337.24,0.3317
CAMP00162,斯凯奇,运动户外,国际大众,2025-01-23,2025-01-28,5,常规场次,,17695,975,327375.8,0.08521666666666666,24,0.0551,335.77,0.3542
CAMP00163,斯凯奇,运动户外,国际大众,2025-01-29,2025-02-02,4,大促联动,,11464,647,183793.23,0.08987954545454545,44,0.0564,284.07,0.1762
CAMP00164,斯凯奇,运动户外,国际大众,2025-02-02,2025-02-07,5,大促联动,,16398,838,234817.38,0.08531555555555556,45,0.0511,280.21,0.4372
CAMP00165,斯凯奇,运动户外,国际大众,2025-02-13,2025-02-20,7,大促联动,情人节,27275,1652,486671.1,0.094225,36,0.0606,294.6,0.3272
CAMP00166,斯凯奇,运动户外,国际大众,2025-02-17,2025-02-23,6,大促联动,,21458,1349,405362.52999999997,0.08079285714285714,28,0.0629,300.49,0.3118
CAMP00167,斯凯奇,运动户外,国际大众,2025-02-25,2025-03-01,4,常规场次,,14651,710,251169.61,0.08303488372093024,43,0.0485,353.76,0.3124
CAMP00168,斯凯奇,运动户外,国际大众,2025-04-06,2025-04-10,4,常规场次,,14862,706,253948.08,0.090795,40,0.0475,359.7,0.1631
CAMP00169,斯凯奇,运动户外,国际大众,2025-05-07,2025-05-10,3,清仓专场,,9286,650,111119.0,0.09174418604651162,43,0.07,170.95,0.3245
CAMP00170,斯凯奇,运动户外,国际大众,2025-06-12,2025-06-17,5,常规场次,,19467,869,251835.35,0.09169629629629629,27,0.0446,289.8,0.1814
CAMP00171,斯凯奇,运动户外,国际大众,2025-06-17,2025-06-23,6,大促联动,618大促,47742,2987,840118.19,0.08832727272727273,33,0.0626,281.26,0.2789
CAMP00172,Jeep,运动户外,户外垂类,2024-09-13,2024-09-18,5,大促联动,,16084,970,279760.15,0.08073333333333334,24,0.0603,288.41,0.1767
CAMP00173,Jeep,运动户外,户外垂类,2024-09-16,2024-09-21,5,常规场次,,12939,632,224039.18,0.08389117647058823,34,0.0488,354.49,0.2165
CAMP00174,Jeep,运动户外,户外垂类,2024-10-06,2024-10-11,5,常规场次,,14359,809,300323.72,0.08263333333333334,27,0.0563,371.23,0.2696
CAMP00175,Jeep,运动户外,户外垂类,2024-11-10,2024-11-17,7,大促联动,双11爆发,51770,3239,1177245.91,0.08148076923076923,26,0.0626,363.46,0.2379
CAMP00176,Jeep,运动户外,户外垂类,2024-11-18,2024-11-22,4,新品首发,,10653,339,138723.72,0.08047586206896552,29,0.0318,409.21,0.3222
CAMP00177,Jeep,运动户外,户外垂类,2025-01-28,2025-02-04,7,常规场次,,21061,1045,382093.41000000003,0.08400322580645161,31,0.0496,365.64,0.2992
CAMP00178,Jeep,运动户外,户外垂类,2025-02-13,2025-02-20,7,大促联动,情人节,23855,1542,530155.09,0.07936176470588235,34,0.0646,343.81,0.1769
CAMP00179,Jeep,运动户外,户外垂类,2025-02-23,2025-02-27,4,新品首发,,10587,359,157434.66999999998,0.07977297297297298,37,0.0339,438.54,0.3725
CAMP00180,Jeep,运动户外,户外垂类,2025-02-26,2025-03-02,4,大促联动,,11657,811,246682.78999999998,0.08012142857142857,28,0.0696,304.17,0.2814
CAMP00181,Jeep,运动户外,户外垂类,2025-03-02,2025-03-05,3,清仓专场,,9505,711,124026.23,0.08001538461538461,26,0.0748,174.44,0.2998
CAMP00182,Jeep,运动户外,户外垂类,2025-03-05,2025-03-09,4,大促联动,38女王节,15655,1226,357775.11,0.081188,25,0.0783,291.82,0.4164
CAMP00183,Jeep,运动户外,户外垂类,2025-03-19,2025-03-25,6,大促联动,,13720,891,273508.05,0.08047142857142857,28,0.0649,306.97,0.1968
CAMP00184,Jeep,运动户外,户外垂类,2025-03-27,2025-03-30,3,常规场次,,8032,362,129748.91,0.08581818181818181,33,0.0451,358.42,0.2411
CAMP00185,Jeep,运动户外,户外垂类,2025-04-11,2025-04-15,4,大促联动,换季焕新,11667,813,204893.64,0.080809375,32,0.0697,252.02,0.3216
CAMP00186,Jeep,运动户外,户外垂类,2025-04-12,2025-04-17,5,大促联动,换季焕新,16105,1209,314284.07,0.08375806451612902,31,0.0751,259.95,0.2751
CAMP00187,Jeep,运动户外,户外垂类,2025-04-13,2025-04-19,6,大促联动,换季焕新,19314,1515,523892.6,0.07732,20,0.0784,345.8,0.2999
CAMP00188,Jeep,运动户外,户外垂类,2025-04-21,2025-04-25,4,清仓专场,,11561,1019,224313.74,0.072128125,32,0.0881,220.13,0.1689
CAMP00189,Jeep,运动户外,户外垂类,2025-05-10,2025-05-16,6,大促联动,,17483,1066,366270.55,0.08621851851851853,27,0.061,343.59,0.3813
CAMP00190,Jeep,运动户外,户外垂类,2025-05-23,2025-05-28,5,大促联动,,14291,976,221268.07,0.08387826086956522,23,0.0683,226.71,0.2307
CAMP00191,Jeep,运动户外,户外垂类,2025-06-07,2025-06-11,4,常规场次,,7630,380,147704.72,0.08709642857142856,28,0.0498,388.7,0.4338
CAMP00192,Jeep,运动户外,户外垂类,2025-06-16,2025-06-20,4,大促联动,618大促,24283,1822,550902.41,0.08055925925925926,27,0.075,302.36,0.3633
CAMP00193,探拓,运动户外,户外垂类,2024-07-04,2024-07-11,7,新品首发,,13041,427,148744.26,0.0873,27,0.0327,348.35,0.1643
CAMP00194,探拓,运动户外,户外垂类,2024-07-09,2024-07-14,5,清仓专场,,9487,648,88768.58,0.0852,15,0.0683,136.99,0.193
CAMP00195,探拓,运动户外,户外垂类,2024-09-30,2024-10-04,4,常规场次,,8255,433,124364.93,0.08281904761904763,21,0.0525,287.22,0.2715
CAMP00196,探拓,运动户外,户外垂类,2024-10-23,2024-10-28,5,清仓专场,,9483,751,93024.94,0.09293333333333334,18,0.0792,123.87,0.2958
CAMP00197,探拓,运动户外,户外垂类,2024-11-04,2024-11-10,6,常规场次,,13168,687,157893.87,0.07960714285714286,14,0.0522,229.83,0.1567
CAMP00198,探拓,运动户外,户外垂类,2024-12-01,2024-12-05,4,清仓专场,,7506,425,95613.04000000001,0.08554545454545454,22,0.0566,224.97,0.2923
CAMP00199,探拓,运动户外,户外垂类,2024-12-07,2024-12-11,4,大促联动,,6062,419,95179.04999999999,0.08363333333333332,27,0.0691,227.16,0.3173
CAMP00200,探拓,运动户外,户外垂类,2025-02-12,2025-02-15,3,大促联动,情人节,6467,383,83316.16,0.08269130434782608,23,0.0592,217.54,0.44
CAMP00201,探拓,运动户外,户外垂类,2025-02-14,2025-02-19,5,大促联动,情人节,9845,559,152388.59,0.08274444444444445,18,0.0568,272.61,0.1699
CAMP00202,探拓,运动户外,户外垂类,2025-02-28,2025-03-06,6,大促联动,,12872,704,165407.24,0.09465,20,0.0547,234.95,0.2459
CAMP00203,探拓,运动户外,户外垂类,2025-03-22,2025-03-27,5,常规场次,,9878,542,146256.06,0.08138333333333334,24,0.0549,269.85,0.1778
CAMP00204,探拓,运动户外,户外垂类,2025-04-01,2025-04-05,4,常规场次,,8464,451,162883.91,0.09541904761904763,21,0.0533,361.16,0.433
CAMP00205,探拓,运动户外,户外垂类,2025-04-13,2025-04-17,4,大促联动,换季焕新,10260,733,189091.99,0.08287307692307692,26,0.0714,257.97,0.2955
CAMP00206,探拓,运动户外,户外垂类,2025-04-22,2025-04-25,3,大促联动,,5135,283,70141.81,0.08520952380952382,21,0.0551,247.85,0.4498
CAMP00207,探拓,运动户外,户外垂类,2025-05-07,2025-05-13,6,新品首发,,9892,350,124257.31999999999,0.08457931034482759,29,0.0354,355.02,0.3913
CAMP00208,探拓,运动户外,户外垂类,2025-05-22,2025-05-27,5,新品首发,,8518,271,89990.37,0.0924375,24,0.0318,332.07,0.1863
CAMP00209,探拓,运动户外,户外垂类,2025-05-25,2025-05-29,4,大促联动,,7606,453,99547.28,0.07796363636363636,22,0.0596,219.75,0.1506
CAMP00210,探拓,运动户外,户外垂类,2025-06-19,2025-06-25,6,清仓专场,,12001,890,127268.76000000001,0.08633448275862068,29,0.0742,143.0,0.2981
CAMP00211,拓路者,运动户外,户外垂类,2024-07-28,2024-08-01,4,新品首发,,6555,238,61824.95,0.08473571428571428,28,0.0363,259.77,0.1974
CAMP00212,拓路者,运动户外,户外垂类,2024-08-20,2024-08-23,3,大促联动,,4888,361,74366.39,0.07658518518518519,27,0.0739,206.0,0.1957
CAMP00213,拓路者,运动户外,户外垂类,2024-09-09,2024-09-12,3,大促联动,金秋焕新节,5156,361,106832.81999999999,0.08872777777777778,18,0.07,295.94,0.3545
CAMP00214,拓路者,运动户外,户外垂类,2024-09-13,2024-09-18,5,大促联动,,9103,620,134441.71,0.08494166666666668,24,0.0681,216.84,0.3161
CAMP00215,拓路者,运动户外,户外垂类,2024-09-21,2024-09-25,4,常规场次,,6959,336,86767.47,0.07826666666666666,18,0.0483,258.24,0.408
CAMP00216,拓路者,运动户外,户外垂类,2024-10-10,2024-10-16,6,常规场次,,11129,585,169379.56,0.08488235294117648,17,0.0526,289.54,0.2316
CAMP00217,拓路者,运动户外,户外垂类,2024-11-10,2024-11-15,5,大促联动,双11爆发,25937,1718,251613.37,0.0866,28,0.0662,146.46,0.4247
CAMP00218,拓路者,运动户外,户外垂类,2024-11-23,2024-11-26,3,清仓专场,,5629,409,59019.079999999994,0.09356666666666666,18,0.0727,144.3,0.177
CAMP00219,拓路者,运动户外,户外垂类,2024-11-30,2024-12-06,6,大促联动,,11486,936,235611.53,0.07909285714285715,14,0.0815,251.72,0.2267
CAMP00220,拓路者,运动户外,户外垂类,2024-12-03,2024-12-10,7,清仓专场,,12854,979,166451.94999999998,0.07915000000000001,14,0.0762,170.02,0.4029
CAMP00221,拓路者,运动户外,户外垂类,2025-02-07,2025-02-11,4,常规场次,,6931,229,59702.46,0.08467333333333334,15,0.033,260.71,0.2632
CAMP00222,拓路者,运动户外,户外垂类,2025-02-13,2025-02-16,3,大促联动,情人节,8116,478,101388.70999999999,0.0871,14,0.0589,212.11,0.2859
CAMP00223,拓路者,运动户外,户外垂类,2025-02-14,2025-02-19,5,大促联动,情人节,14388,1161,227065.12,0.08196153846153845,13,0.0807,195.58,0.4356
CAMP00224,拓路者,运动户外,户外垂类,2025-03-01,2025-03-05,4,新品首发,,7069,181,52210.87,0.08705,26,0.0256,288.46,0.3728
CAMP00225,拓路者,运动户外,户外垂类,2025-03-11,2025-03-16,5,新品首发,,7501,259,61771.56,0.0803764705882353,17,0.0345,238.5,0.3697
CAMP00226,拓路者,运动户外,户外垂类,2025-03-17,2025-03-23,6,常规场次,,9706,470,126636.75,0.080525,20,0.0484,269.44,0.298
CAMP00227,拓路者,运动户外,户外垂类,2025-03-22,2025-03-27,5,常规场次,,8576,482,127059.57,0.09211333333333332,15,0.0562,263.61,0.4468
CAMP00228,拓路者,运动户外,户外垂类,2025-04-13,2025-04-18,5,大促联动,换季焕新,9077,544,103213.62,0.08583529411764707,17,0.0599,189.73,0.2061
CAMP00229,拓路者,运动户外,户外垂类,2025-04-29,2025-05-05,6,大促联动,五一大促,15235,921,226776.41999999998,0.09120769230769231,13,0.0605,246.23,0.3498
CAMP00230,拓路者,运动户外,户外垂类,2025-06-07,2025-06-11,4,大促联动,,7828,539,87392.66,0.08381052631578947,19,0.0689,162.14,0.386
CAMP00231,TFO,运动户外,户外垂类,2024-07-22,2024-07-29,7,大促联动,,8886,598,101074.35,0.07292631578947369,19,0.0673,169.02,0.1617
CAMP00232,TFO,运动户外,户外垂类,2024-08-16,2024-08-20,4,清仓专场,,6503,530,69904.54000000001,0.09430555555555556,18,0.0815,131.9,0.2651
CAMP00233,TFO,运动户外,户外垂类,2024-08-20,2024-08-24,4,常规场次,,6031,303,75188.23,0.08223125,16,0.0502,248.15,0.4472
CAMP00234,TFO,运动户外,户外垂类,2024-09-02,2024-09-06,4,常规场次,,5593,272,57701.23,0.07996363636363636,11,0.0486,212.14,0.1914
CAMP00235,TFO,运动户外,户外垂类,2024-09-07,2024-09-13,6,大促联动,金秋焕新节,10964,738,145332.66999999998,0.075705,20,0.0673,196.93,0.3308
CAMP00236,TFO,运动户外,户外垂类,2024-09-29,2024-10-02,3,大促联动,,5183,312,59342.189999999995,0.07677619047619048,21,0.0602,190.2,0.1934
CAMP00237,TFO,运动户外,户外垂类,2024-11-03,2024-11-10,7,新品首发,,9505,351,62259.61,0.07712380952380953,21,0.0369,177.38,0.2946
CAMP00238,TFO,运动户外,户外垂类,2025-01-06,2025-01-09,3,清仓专场,,4755,371,41851.19,0.079225,20,0.078,112.81,0.4344
CAMP00239,TFO,运动户外,户外垂类,2025-01-19,2025-01-25,6,大促联动,年货节,17363,1102,213404.43,0.08044444444444444,18,0.0635,193.65,0.395
CAMP00240,TFO,运动户外,户外垂类,2025-02-23,2025-02-28,5,常规场次,,8006,411,77353.68000000001,0.08565238095238095,21,0.0513,188.21,0.4401
CAMP00241,TFO,运动户外,户外垂类,2025-03-16,2025-03-20,4,常规场次,,7243,407,92253.79,0.08479444444444445,18,0.0562,226.67,0.1889
CAMP00242,TFO,运动户外,户外垂类,2025-03-24,2025-03-29,5,大促联动,,9194,547,122321.6,0.08710909090909091,11,0.0595,223.62,0.2743
CAMP00243,TFO,运动户外,户外垂类,2025-05-15,2025-05-21,6,新品首发,,9775,387,34393.14,0.07970909090909091,11,0.0396,88.87,0.3149
CAMP00244,TFO,运动户外,户外垂类,2025-05-25,2025-05-31,6,常规场次,,8057,470,95923.5,0.07731052631578948,19,0.0583,204.09,0.2388
CAMP00245,TFO,运动户外,户外垂类,2025-06-18,2025-06-25,7,大促联动,618大促,27684,1866,272324.56,0.08822105263157894,19,0.0674,145.94,0.3388
CAMP00246,Vans,鞋靴,国际潮牌,2024-08-10,2024-08-13,3,清仓专场,,11550,894,184624.47,0.079146875,32,0.0774,206.52,0.2996
CAMP00247,Vans,鞋靴,国际潮牌,2024-08-25,2024-08-29,4,大促联动,,15894,1037,345567.99,0.08497368421052631,19,0.0652,333.24,0.1918
CAMP00248,Vans,鞋靴,国际潮牌,2024-08-29,2024-09-03,5,清仓专场,,17179,1203,261432.73,0.0789,19,0.07,217.32,0.2064
CAMP00249,Vans,鞋靴,国际潮牌,2024-09-01,2024-09-08,7,新品首发,,25196,862,325447.75,0.08390571428571429,35,0.0342,377.55,0.3294
CAMP00250,Vans,鞋靴,国际潮牌,2024-09-17,2024-09-21,4,新品首发,,15556,613,218353.74,0.07762222222222223,27,0.0394,356.21,0.2133
CAMP00251,Vans,鞋靴,国际潮牌,2024-10-15,2024-10-18,3,常规场次,,9339,432,150327.38,0.082275,36,0.0463,347.98,0.3657
CAMP00252,Vans,鞋靴,国际潮牌,2024-10-21,2024-10-28,7,大促联动,双11预售,37267,2261,548430.04,0.087775,28,0.0607,242.56,0.1794
CAMP00253,Vans,鞋靴,国际潮牌,2024-10-30,2024-11-04,5,常规场次,,16341,1074,298194.76,0.08788421052631579,19,0.0657,277.65,0.2216
CAMP00254,Vans,鞋靴,国际潮牌,2024-11-02,2024-11-09,7,清仓专场,,25434,1978,389468.47,0.07868857142857143,35,0.0778,196.9,0.3803
CAMP00255,Vans,鞋靴,国际潮牌,2024-11-04,2024-11-09,5,常规场次,,19763,1112,350657.53,0.07517073170731707,41,0.0563,315.34,0.2391
CAMP00256,Vans,鞋靴,国际潮牌,2024-11-08,2024-11-12,4,大促联动,双11爆发,43443,2933,940162.6,0.0801025,40,0.0675,320.55,0.3851
CAMP00257,Vans,鞋靴,国际潮牌,2024-11-20,2024-11-26,6,常规场次,,21398,1213,446513.02,0.0883375,32,0.0567,368.11,0.3376
CAMP00258,Vans,鞋靴,国际潮牌,2024-12-14,2024-12-21,7,常规场次,,25416,1110,405043.33,0.08685833333333333,24,0.0437,364.9,0.4024
CAMP00259,Vans,鞋靴,国际潮牌,2025-01-05,2025-01-09,4,常规场次,,15275,814,282859.8,0.07963636363636363,22,0.0533,347.49,0.2879
CAMP00260,Vans,鞋靴,国际潮牌,2025-01-19,2025-01-22,3,大促联动,年货节,18172,1118,334299.42,0.08154545454545455,22,0.0615,299.02,0.4032
CAMP00261,Vans,鞋靴,国际潮牌,2025-01-22,2025-01-25,3,清仓专场,,8423,676,157561.81,0.08668857142857143,35,0.0803,233.08,0.394
CAMP00262,Vans,鞋靴,国际潮牌,2025-01-25,2025-01-29,4,常规场次,,13065,661,205110.4,0.07879565217391304,23,0.0506,310.3,0.3892
CAMP00263,Vans,鞋靴,国际潮牌,2025-02-08,2025-02-13,5,常规场次,,20929,1150,429794.95,0.08262307692307692,26,0.0549,373.73,0.4261
CAMP00264,Vans,鞋靴,国际潮牌,2025-02-16,2025-02-21,5,新品首发,,21057,666,259788.38,0.081228,25,0.0316,390.07,0.2861
CAMP00265,Vans,鞋靴,国际潮牌,2025-02-20,2025-02-23,3,新品首发,,12125,373,133336.13,0.07597631578947368,38,0.0308,357.47,0.1625
CAMP00266,Vans,鞋靴,国际潮牌,2025-02-23,2025-02-27,4,常规场次,,15625,843,263171.0,0.07748285714285714,35,0.054,312.18,0.3757
CAMP00267,Vans,鞋靴,国际潮牌,2025-03-03,2025-03-07,4,常规场次,,14576,768,276387.44,0.08812592592592593,27,0.0527,359.88,0.1642
CAMP00268,Vans,鞋靴,国际潮牌,2025-03-09,2025-03-14,5,清仓专场,,17263,1054,200365.02,0.08176,30,0.0611,190.1,0.3767
CAMP00269,Vans,鞋靴,国际潮牌,2025-03-21,2025-03-27,6,常规场次,,21899,937,356435.25,0.08091481481481481,27,0.0428,380.4,0.1891
CAMP00270,Vans,鞋靴,国际潮牌,2025-03-28,2025-04-02,5,常规场次,,17990,926,310727.17,0.07717741935483871,31,0.0515,335.56,0.3188
CAMP00271,Vans,鞋靴,国际潮牌,2025-05-04,2025-05-09,5,常规场次,,18147,962,331888.01,0.08050952380952381,21,0.053,345.0,0.2104
CAMP00272,Vans,鞋靴,国际潮牌,2025-05-17,2025-05-22,5,常规场次,,19659,1023,392790.72000000003,0.07984666666666666,30,0.052,383.96,0.3728
CAMP00273,Vans,鞋靴,国际潮牌,2025-06-01,2025-06-05,4,大促联动,,13629,975,277910.0,0.07938709677419355,31,0.0715,285.04,0.344
CAMP00274,回力,鞋靴,国民经典,2024-07-23,2024-07-30,7,常规场次,,21651,1221,190961.81,0.08058620689655173,29,0.0564,156.4,0.2972
CAMP00275,回力,鞋靴,国民经典,2024-08-06,2024-08-11,5,大促联动,周年庆预热,25442,1605,245184.34,0.08006969696969697,33,0.0631,152.76,0.2
CAMP00276,回力,鞋靴,国民经典,2024-10-01,2024-10-06,5,大促联动,,17297,1252,111690.08,0.07871818181818181,22,0.0724,89.21,0.3089
CAMP00277,回力,鞋靴,国民经典,2024-11-11,2024-11-15,4,大促联动,双11爆发,32894,2486,336946.63,0.07165909090909091,22,0.0756,135.54,0.2505
CAMP00278,回力,鞋靴,国民经典,2024-11-21,2024-11-25,4,常规场次,,10653,548,96171.78,0.08115833333333333,24,0.0514,175.5,0.3687
CAMP00279,回力,鞋靴,国民经典,2024-12-02,2024-12-09,7,大促联动,,23602,1571,209672.22,0.07593529411764706,17,0.0666,133.46,0.3837
CAMP00280,回力,鞋靴,国民经典,2024-12-22,2024-12-25,3,常规场次,,7819,438,69994.62,0.0842875,16,0.056,159.81,0.1809
CAMP00281,回力,鞋靴,国民经典,2024-12-25,2024-12-29,4,常规场次,,13979,749,98130.26000000001,0.07301176470588236,17,0.0536,131.02,0.2391
CAMP00282,回力,鞋靴,国民经典,2025-01-15,2025-01-19,4,常规场次,,12061,622,90420.59,0.07703703703703704,27,0.0516,145.37,0.3972
CAMP00283,回力,鞋靴,国民经典,2025-01-31,2025-02-06,6,大促联动,,21622,1370,153524.96,0.08601111111111111,27,0.0634,112.06,0.3899
CAMP00284,回力,鞋靴,国民经典,2025-02-08,2025-02-13,5,大促联动,,13173,904,75511.48,0.08697777777777776,27,0.0686,83.53,0.3911
CAMP00285,回力,鞋靴,国民经典,2025-02-18,2025-02-24,6,常规场次,,16410,889,157787.99,0.082759375,32,0.0542,177.49,0.2594
CAMP00286,回力,鞋靴,国民经典,2025-03-15,2025-03-19,4,新品首发,,13650,448,80747.98,0.08662666666666666,30,0.0328,180.24,0.1618
CAMP00287,回力,鞋靴,国民经典,2025-03-31,2025-04-06,6,常规场次,,16687,920,109772.75,0.081275,16,0.0551,119.32,0.4355
CAMP00288,回力,鞋靴,国民经典,2025-04-04,2025-04-08,4,常规场次,,14746,758,131867.63,0.07876666666666667,15,0.0514,173.97,0.2119
CAMP00289,回力,鞋靴,国民经典,2025-04-10,2025-04-13,3,常规场次,,6940,351,41293.3,0.084715,20,0.0506,117.64,0.2377
CAMP00290,回力,鞋靴,国民经典,2025-04-18,2025-04-24,6,常规场次,,13761,835,159187.68,0.08570588235294119,17,0.0607,190.64,0.2316
CAMP00291,回力,鞋靴,国民经典,2025-05-10,2025-05-14,4,常规场次,,12847,625,78403.31,0.08127333333333334,30,0.0486,125.45,0.3912
CAMP00292,回力,鞋靴,国民经典,2025-06-03,2025-06-10,7,常规场次,,21756,1153,157047.28,0.08445714285714286,28,0.053,136.21,0.1767
CAMP00293,回力,鞋靴,国民经典,2025-06-05,2025-06-09,4,大促联动,,12637,850,111841.37,0.08161999999999998,25,0.0673,131.58,0.2458
CAMP00294,回力,鞋靴,国民经典,2025-06-22,2025-06-27,5,大促联动,,12098,683,83154.31,0.08276969696969697,33,0.0565,121.75,0.3888
CAMP00295,奥康,鞋靴,国产大众,2024-07-20,2024-07-26,6,大促联动,,19211,1348,284219.04,0.08253333333333333,24,0.0702,210.84,0.4264
CAMP00296,奥康,鞋靴,国产大众,2024-08-17,2024-08-24,7,新品首发,,18532,554,182943.63,0.0820945945945946,37,0.0299,330.22,0.2264
CAMP00297,奥康,鞋靴,国产大众,2024-08-27,2024-08-31,4,大促联动,,10861,596,169223.69,0.08611363636363636,22,0.0549,283.93,0.1749
CAMP00298,奥康,鞋靴,国产大众,2024-10-01,2024-10-05,4,清仓专场,,11780,784,112652.68,0.08571428571428572,28,0.0666,143.69,0.3018
CAMP00299,奥康,鞋靴,国产大众,2024-11-03,2024-11-08,5,常规场次,,14692,591,165768.5,0.08706296296296295,27,0.0402,280.49,0.2951
CAMP00300,奥康,鞋靴,国产大众,2024-11-12,2024-11-19,7,大促联动,双11返场,35081,1879,495164.71,0.08502558139534884,43,0.0536,263.53,0.2699
CAMP00301,奥康,鞋靴,国产大众,2024-11-14,2024-11-20,6,清仓专场,,16002,970,207958.93,0.09061025641025641,39,0.0606,214.39,0.4422
CAMP00302,奥康,鞋靴,国产大众,2024-11-22,2024-11-27,5,清仓专场,,15366,837,146557.71,0.09018333333333334,36,0.0545,175.1,0.2028
CAMP00303,奥康,鞋靴,国产大众,2024-12-09,2024-12-16,7,大促联动,双12大促,44620,2494,540905.74,0.08807931034482759,29,0.0559,216.88,0.4401
CAMP00304,奥康,鞋靴,国产大众,2025-01-16,2025-01-21,5,大促联动,年货节,23033,1438,283310.12,0.08750454545454546,22,0.0624,197.02,0.1974
CAMP00305,奥康,鞋靴,国产大众,2025-01-19,2025-01-24,5,大促联动,年货节,23522,1662,433909.57,0.08036521739130435,23,0.0707,261.08,0.2018
CAMP00306,奥康,鞋靴,国产大众,2025-01-23,2025-01-27,4,常规场次,,9193,425,124001.12,0.08078095238095237,42,0.0462,291.77,0.2661
CAMP00307,奥康,鞋靴,国产大众,2025-01-27,2025-01-30,3,常规场次,,9214,400,131945.19,0.08592758620689656,29,0.0434,329.86,0.4243
CAMP00308,奥康,鞋靴,国产大众,2025-02-26,2025-03-03,5,常规场次,,11636,559,178157.19,0.08246315789473684,38,0.048,318.71,0.2258
CAMP00309,奥康,鞋靴,国产大众,2025-02-28,2025-03-06,6,常规场次,,16688,713,194403.21,0.08839743589743589,39,0.0427,272.66,0.402
CAMP00310,奥康,鞋靴,国产大众,2025-03-17,2025-03-20,3,常规场次,,8777,407,105951.78,0.08667857142857142,42,0.0464,260.32,0.2509
CAMP00311,奥康,鞋靴,国产大众,2025-03-25,2025-03-29,4,常规场次,,11848,612,165571.57,0.08532727272727272,22,0.0517,270.54,0.4255
CAMP00312,奥康,鞋靴,国产大众,2025-03-26,2025-03-30,4,常规场次,,11913,541,165302.73,0.08364615384615384,26,0.0454,305.55,0.154
CAMP00313,奥康,鞋靴,国产大众,2025-04-17,2025-04-22,5,新品首发,,14025,369,140229.47,0.0914258064516129,31,0.0263,380.03,0.3754
CAMP00314,奥康,鞋靴,国产大众,2025-05-13,2025-05-17,4,清仓专场,,10816,738,126081.79,0.08147142857142857,21,0.0682,170.84,0.2365
CAMP00315,奥康,鞋靴,国产大众,2025-05-16,2025-05-20,4,常规场次,,11344,491,144977.03,0.08715555555555556,27,0.0433,295.27,0.299
CAMP00316,奥康,鞋靴,国产大众,2025-05-27,2025-05-30,3,新品首发,,8453,244,78157.79,0.0876,39,0.0289,320.32,0.3082
CAMP00317,奥康,鞋靴,国产大众,2025-06-05,2025-06-09,4,大促联动,,11350,533,129908.1,0.08275199999999999,25,0.047,243.73,0.4082
CAMP00318,奥康,鞋靴,国产大众,2025-06-09,2025-06-14,5,新品首发,,16747,474,161743.72,0.08176444444444445,45,0.0283,341.23,0.3162
CAMP00319,奥康,鞋靴,国产大众,2025-06-20,2025-06-24,4,常规场次,,10338,479,141305.28,0.08035813953488372,43,0.0463,295.0,0.323
CAMP00320,红蜻蜓,鞋靴,国产大众,2024-07-16,2024-07-21,5,大促联动,,16266,1164,231080.93,0.08119032258064517,31,0.0716,198.52,0.3316
CAMP00321,红蜻蜓,鞋靴,国产大众,2024-07-26,2024-08-02,7,清仓专场,,18758,1458,188491.77,0.07684285714285714,21,0.0777,129.28,0.1583
CAMP00322,红蜻蜓,鞋靴,国产大众,2024-09-06,2024-09-10,4,大促联动,金秋焕新节,13549,956,179848.97,0.07586785714285714,28,0.0706,188.13,0.1896
CAMP00323,红蜻蜓,鞋靴,国产大众,2024-09-19,2024-09-23,4,常规场次,,12012,626,147649.51,0.08044166666666668,24,0.0521,235.86,0.2965
CAMP00324,红蜻蜓,鞋靴,国产大众,2024-10-14,2024-10-18,4,常规场次,,8451,415,105396.7,0.07903243243243244,37,0.0491,253.97,0.3484
CAMP00325,红蜻蜓,鞋靴,国产大众,2024-10-16,2024-10-21,5,大促联动,双11预售,19536,1344,319599.46,0.08025,26,0.0688,237.8,0.2102
CAMP00326,红蜻蜓,鞋靴,国产大众,2024-10-20,2024-10-26,6,大促联动,双11预售,25665,1843,428549.20999999996,0.07660810810810811,37,0.0718,232.53,0.1592
CAMP00327,红蜻蜓,鞋靴,国产大众,2024-10-22,2024-10-27,5,常规场次,,13611,787,174208.41,0.07813548387096775,31,0.0578,221.36,0.3331
CAMP00328,红蜻蜓,鞋靴,国产大众,2024-10-28,2024-10-31,3,新品首发,,6695,180,53607.97,0.080765,40,0.0269,297.82,0.1958
CAMP00329,红蜻蜓,鞋靴,国产大众,2024-12-01,2024-12-05,4,大促联动,,12859,887,183486.72,0.07705555555555556,36,0.069,206.86,0.1522
CAMP00330,红蜻蜓,鞋靴,国产大众,2024-12-03,2024-12-09,6,常规场次,,16360,841,201755.75,0.08038620689655172,29,0.0514,239.9,0.178
CAMP00331,红蜻蜓,鞋靴,国产大众,2024-12-14,2024-12-18,4,常规场次,,12852,640,176952.93,0.07566451612903226,31,0.0498,276.49,0.1687
CAMP00332,红蜻蜓,鞋靴,国产大众,2024-12-26,2025-01-01,6,常规场次,,14511,679,155938.91999999998,0.08437826086956522,23,0.0468,229.66,0.4111
CAMP00333,红蜻蜓,鞋靴,国产大众,2025-01-10,2025-01-14,4,清仓专场,,12732,1084,158869.82,0.07988292682926829,41,0.0851,146.56,0.2444
CAMP00334,红蜻蜓,鞋靴,国产大众,2025-01-17,2025-01-20,3,大促联动,年货节,14697,1104,284145.14999999997,0.07281904761904762,21,0.0751,257.38,0.3444
CAMP00335,红蜻蜓,鞋靴,国产大众,2025-02-10,2025-02-16,6,大促联动,情人节,21351,1371,321543.92,0.08210285714285714,35,0.0642,234.53,0.2887
CAMP00336,红蜻蜓,鞋靴,国产大众,2025-03-17,2025-03-20,3,新品首发,,8259,291,74666.45,0.07818333333333333,30,0.0352,256.59,0.2971
CAMP00337,红蜻蜓,鞋靴,国产大众,2025-05-07,2025-05-12,5,新品首发,,13669,446,137237.75,0.09118,20,0.0326,307.71,0.2461
CAMP00338,红蜻蜓,鞋靴,国产大众,2025-05-10,2025-05-14,4,大促联动,,6782,434,118694.84,0.0807590909090909,22,0.064,273.49,0.286
CAMP00339,红蜻蜓,鞋靴,国产大众,2025-05-25,2025-05-29,4,清仓专场,,12052,939,158579.9,0.086234375,32,0.0779,168.88,0.2194
CAMP00340,红蜻蜓,鞋靴,国产大众,2025-06-12,2025-06-17,5,常规场次,,12352,634,192235.19,0.08538076923076923,26,0.0513,303.21,0.3966
CAMP00341,红蜻蜓,鞋靴,国产大众,2025-06-14,2025-06-20,6,大促联动,618大促,45088,2996,661363.44,0.08969523809523809,21,0.0664,220.75,0.2652
CAMP00342,奥卡索,鞋靴,国产大众,2024-07-08,2024-07-13,5,新品首发,,10189,355,84274.56,0.07912916666666667,24,0.0348,237.39,0.3089
CAMP00343,奥卡索,鞋靴,国产大众,2024-07-15,2024-07-21,6,常规场次,,10726,512,116534.51,0.0779923076923077,26,0.0477,227.61,0.2941
CAMP00344,奥卡索,鞋靴,国产大众,2024-08-22,2024-08-29,7,清仓专场,,15902,1193,177970.87,0.07952083333333333,24,0.075,149.18,0.4316
CAMP00345,奥卡索,鞋靴,国产大众,2024-09-23,2024-09-27,4,常规场次,,6901,338,67559.31,0.07365714285714287,14,0.049,199.88,0.2484
CAMP00346,奥卡索,鞋靴,国产大众,2024-11-21,2024-11-27,6,新品首发,,11300,341,79771.26,0.07836818181818182,22,0.0302,233.93,0.2846
CAMP00347,奥卡索,鞋靴,国产大众,2024-12-13,2024-12-16,3,大促联动,,5880,371,69724.28,0.07749285714285714,28,0.0631,187.94,0.2459
CAMP00348,奥卡索,鞋靴,国产大众,2025-01-02,2025-01-08,6,常规场次,,11491,548,110080.88,0.08156896551724138,29,0.0477,200.88,0.4003
CAMP00349,奥卡索,鞋靴,国产大众,2025-01-09,2025-01-13,4,常规场次,,8166,458,96325.65,0.07733333333333332,21,0.0561,210.32,0.1921
CAMP00350,奥卡索,鞋靴,国产大众,2025-01-11,2025-01-15,4,常规场次,,6890,387,63785.18,0.084536,25,0.0562,164.82,0.2635
CAMP00351,奥卡索,鞋靴,国产大众,2025-02-20,2025-02-25,5,清仓专场,,10021,666,80503.08,0.08122903225806452,31,0.0665,120.88,0.3865
CAMP00352,奥卡索,鞋靴,国产大众,2025-03-06,2025-03-10,4,大促联动,38女王节,10477,618,103528.37,0.08128846153846155,26,0.059,167.52,0.3885
CAMP00353,奥卡索,鞋靴,国产大众,2025-03-15,2025-03-19,4,常规场次,,8054,347,81767.23,0.08118148148148148,27,0.0431,235.64,0.4394
CAMP00354,奥卡索,鞋靴,国产大众,2025-03-22,2025-03-26,4,大促联动,,7855,496,106856.27,0.08355263157894738,19,0.0631,215.44,0.4452
CAMP00355,奥卡索,鞋靴,国产大众,2025-03-24,2025-03-29,5,常规场次,,8198,403,96229.19,0.07758076923076923,26,0.0492,238.78,0.2647
CAMP00356,奥卡索,鞋靴,国产大众,2025-03-30,2025-04-03,4,常规场次,,6299,292,61380.7,0.07164375,16,0.0464,210.21,0.2775
CAMP00357,奥卡索,鞋靴,国产大众,2025-04-07,2025-04-12,5,常规场次,,9438,463,116223.8,0.08112173913043477,23,0.0491,251.02,0.2969
CAMP00358,奥卡索,鞋靴,国产大众,2025-05-10,2025-05-16,6,清仓专场,,11172,722,75270.08,0.0822095238095238,21,0.0646,104.25,0.3068
CAMP00359,奥卡索,鞋靴,国产大众,2025-05-12,2025-05-17,5,新品首发,,10257,293,82707.93,0.070175,16,0.0286,282.28,0.3565
CAMP00360,朴西,鞋靴,新锐品牌,2024-07-21,2024-07-25,4,常规场次,,6570,327,57526.85,0.08375384615384615,13,0.0498,175.92,0.1685
CAMP00361,朴西,鞋靴,新锐品牌,2024-10-28,2024-11-02,5,新品首发,,9476,263,76409.0,0.09333125,16,0.0278,290.53,0.3895
CAMP00362,朴西,鞋靴,新锐品牌,2024-11-03,2024-11-09,6,常规场次,,11955,538,103190.45999999999,0.08933571428571428,14,0.045,191.8,0.3
CAMP00363,朴西,鞋靴,新锐品牌,2024-11-12,2024-11-17,5,大促联动,双11返场,16155,1227,226867.32,0.07340555555555556,18,0.076,184.9,0.3397
CAMP00364,朴西,鞋靴,新锐品牌,2024-11-23,2024-11-28,5,大促联动,,9153,564,84539.01,0.08351304347826087,23,0.0616,149.89,0.1999
CAMP00365,朴西,鞋靴,新锐品牌,2024-12-11,2024-12-18,7,大促联动,双12大促,30109,2056,339192.23,0.078725,24,0.0683,164.98,0.3156
CAMP00366,朴西,鞋靴,新锐品牌,2024-12-29,2025-01-03,5,常规场次,,9974,545,97627.52,0.08018636363636364,22,0.0546,179.13,0.4239
CAMP00367,朴西,鞋靴,新锐品牌,2025-01-19,2025-01-26,7,大促联动,年货节,19110,1144,224436.41,0.07174285714285714,14,0.0599,196.19,0.3865
CAMP00368,朴西,鞋靴,新锐品牌,2025-01-29,2025-02-04,6,新品首发,,8919,293,66488.35,0.0885608695652174,23,0.0329,226.92,0.4099
CAMP00369,朴西,鞋靴,新锐品牌,2025-02-04,2025-02-11,7,常规场次,,12241,434,102826.57,0.09078333333333334,18,0.0355,236.93,0.4027
CAMP00370,朴西,鞋靴,新锐品牌,2025-03-18,2025-03-22,4,常规场次,,5929,220,45620.36,0.07934117647058823,17,0.0371,207.37,0.2693
CAMP00371,朴西,鞋靴,新锐品牌,2025-04-22,2025-04-29,7,常规场次,,13407,532,116399.05,0.07345882352941176,17,0.0397,218.8,0.3232
CAMP00372,朴西,鞋靴,新锐品牌,2025-04-23,2025-04-27,4,新品首发,,7706,281,53387.9,0.0838923076923077,13,0.0365,189.99,0.4281
CAMP00373,朴西,鞋靴,新锐品牌,2025-04-24,2025-04-30,6,常规场次,,9539,500,109451.91,0.07197692307692308,13,0.0524,218.9,0.2222
CAMP00374,朴西,鞋靴,新锐品牌,2025-05-04,2025-05-11,7,常规场次,,14112,620,96173.55,0.08450833333333334,12,0.0439,155.12,0.3326
CAMP00375,朴西,鞋靴,新锐品牌,2025-05-19,2025-05-24,5,清仓专场,,8898,725,96778.92,0.07940625,16,0.0815,133.49,0.2188
CAMP00376,朴西,鞋靴,新锐品牌,2025-06-01,2025-06-08,7,大促联动,,14288,891,140933.77,0.08098947368421053,19,0.0624,158.17,0.3334
CAMP00377,西遇,鞋靴,新锐品牌,2024-07-11,2024-07-18,7,常规场次,,10636,472,106294.06,0.09357333333333333,15,0.0444,225.2,0.4353
CAMP00378,西遇,鞋靴,新锐品牌,2024-08-05,2024-08-08,3,大促联动,周年庆预热,7093,379,59896.52,0.08150454545454545,22,0.0534,158.04,0.4463
CAMP00379,西遇,鞋靴,新锐品牌,2024-08-15,2024-08-20,5,清仓专场,,7940,585,60283.759999999995,0.0831642857142857,14,0.0737,103.05,0.419
CAMP00380,西遇,鞋靴,新锐品牌,2024-09-25,2024-09-30,5,常规场次,,8237,350,58135.23,0.09494545454545454,11,0.0425,166.1,0.4336
CAMP00381,西遇,鞋靴,新锐品牌,2024-09-29,2024-10-04,5,常规场次,,7390,239,36641.22,0.09353333333333334,12,0.0323,153.31,0.3621
CAMP00382,西遇,鞋靴,新锐品牌,2024-10-17,2024-10-23,6,大促联动,双11预售,11850,562,83931.92,0.08475454545454546,11,0.0474,149.35,0.1899
CAMP00383,西遇,鞋靴,新锐品牌,2024-10-23,2024-10-27,4,常规场次,,6195,213,31810.12,0.090575,12,0.0344,149.34,0.4376
CAMP00384,西遇,鞋靴,新锐品牌,2024-10-27,2024-10-30,3,大促联动,,4139,300,42188.88,0.082925,16,0.0725,140.63,0.2314
CAMP00385,西遇,鞋靴,新锐品牌,2024-10-31,2024-11-05,5,常规场次,,5630,253,54526.86,0.07789411764705882,17,0.0449,215.52,0.1733
CAMP00386,西遇,鞋靴,新锐品牌,2024-11-07,2024-11-10,3,新品首发,,4169,99,20491.65,0.09227222222222223,18,0.0237,206.99,0.1564
CAMP00387,西遇,鞋靴,新锐品牌,2024-12-21,2024-12-24,3,大促联动,,4528,195,28083.58,0.08947777777777778,18,0.0431,144.02,0.4311
CAMP00388,西遇,鞋靴,新锐品牌,2025-01-27,2025-02-03,7,大促联动,,11143,527,79715.15,0.09347222222222222,18,0.0473,151.26,0.2097
CAMP00389,西遇,鞋靴,新锐品牌,2025-01-30,2025-02-04,5,常规场次,,7307,376,65233.369999999995,0.083375,16,0.0515,173.49,0.177
CAMP00390,西遇,鞋靴,新锐品牌,2025-02-08,2025-02-13,5,大促联动,,6156,391,60944.89,0.08288181818181818,11,0.0635,155.87,0.3097
CAMP00391,西遇,鞋靴,新锐品牌,2025-03-12,2025-03-16,4,常规场次,,6247,181,29869.890000000003,0.08732,10,0.029,165.03,0.1515
CAMP00392,西遇,鞋靴,新锐品牌,2025-03-23,2025-03-28,5,新品首发,,6768,113,30225.09,0.09972727272727272,11,0.0167,267.48,0.1817
CAMP00393,西遇,鞋靴,新锐品牌,2025-04-06,2025-04-11,5,新品首发,,6440,173,35723.36,0.08194,15,0.0269,206.49,0.1694
CAMP00394,西遇,鞋靴,新锐品牌,2025-04-20,2025-04-24,4,常规场次,,6512,256,40383.31,0.07887777777777777,18,0.0393,157.75,0.3549
CAMP00395,西遇,鞋靴,新锐品牌,2025-06-10,2025-06-14,4,常规场次,,5777,189,29263.98,0.07848181818181818,11,0.0327,154.84,0.1726
CAMP00396,百田森,鞋靴,新锐品牌,2024-07-17,2024-07-21,4,常规场次,,5215,241,41015.56,0.07935,18,0.0462,170.19,0.2942
CAMP00397,百田森,鞋靴,新锐品牌,2024-07-27,2024-08-03,7,清仓专场,,9895,721,65946.21,0.07982222222222222,18,0.0729,91.46,0.1752
CAMP00398,百田森,鞋靴,新锐品牌,2024-09-12,2024-09-17,5,清仓专场,,5616,410,39825.32,0.07806666666666666,21,0.073,97.13,0.3924
CAMP00399,百田森,鞋靴,新锐品牌,2024-09-21,2024-09-26,5,新品首发,,5983,193,32093.13,0.09592142857142857,14,0.0323,166.29,0.2679
CAMP00400,百田森,鞋靴,新锐品牌,2024-10-03,2024-10-06,3,清仓专场,,3811,255,23500.04,0.08073333333333334,15,0.0669,92.16,0.1521
CAMP00401,百田森,鞋靴,新锐品牌,2024-10-08,2024-10-14,6,常规场次,,6688,332,73311.78,0.07686666666666667,9,0.0496,220.82,0.43
CAMP00402,百田森,鞋靴,新锐品牌,2024-11-11,2024-11-15,4,大促联动,双11爆发,16399,1142,129365.38999999998,0.07476153846153846,13,0.0696,113.28,0.3749
CAMP00403,百田森,鞋靴,新锐品牌,2024-11-29,2024-12-05,6,常规场次,,7250,365,60527.240000000005,0.08113333333333334,15,0.0503,165.83,0.4038
CAMP00404,百田森,鞋靴,新锐品牌,2025-01-04,2025-01-09,5,常规场次,,6716,329,61843.97,0.07648,15,0.049,187.98,0.3071
CAMP00405,百田森,鞋靴,新锐品牌,2025-06-02,2025-06-07,5,常规场次,,6183,273,39200.24,0.08408095238095238,21,0.0442,143.59,0.4455
CAMP00406,康莉,鞋靴,新锐品牌,2024-08-04,2024-08-07,3,大促联动,,3924,173,20975.12,0.08621999999999999,10,0.0441,121.24,0.3689
CAMP00407,康莉,鞋靴,新锐品牌,2024-09-17,2024-09-22,5,清仓专场,,4037,233,18483.45,0.08601176470588234,17,0.0577,79.33,0.2101
CAMP00408,康莉,鞋靴,新锐品牌,2024-10-09,2024-10-14,5,常规场次,,5364,316,46924.03,0.0792,12,0.0589,148.49,0.1568
CAMP00409,康莉,鞋靴,新锐品牌,2024-10-21,2024-10-28,7,大促联动,双11预售,12118,883,119928.37,0.08195000000000001,18,0.0729,135.82,0.3502
CAMP00410,康莉,鞋靴,新锐品牌,2024-11-04,2024-11-07,3,常规场次,,3545,120,17940.52,0.08429411764705882,17,0.0339,149.5,0.2483
CAMP00411,康莉,鞋靴,新锐品牌,2024-12-22,2024-12-27,5,大促联动,,5904,414,62190.07,0.0785,11,0.0701,150.22,0.3751
CAMP00412,康莉,鞋靴,新锐品牌,2025-01-01,2025-01-05,4,新品首发,,5065,186,29504.78,0.08465789473684211,19,0.0367,158.63,0.3249
CAMP00413,康莉,鞋靴,新锐品牌,2025-01-10,2025-01-15,5,常规场次,,6303,238,35838.96,0.08888,15,0.0378,150.58,0.3869
CAMP00414,康莉,鞋靴,新锐品牌,2025-01-24,2025-01-29,5,常规场次,,6394,245,34025.89,0.09540000000000001,11,0.0383,138.88,0.2094
CAMP00415,康莉,鞋靴,新锐品牌,2025-01-26,2025-01-31,5,清仓专场,,6697,283,28649.69,0.08624545454545454,11,0.0423,101.24,0.3127
CAMP00416,康莉,鞋靴,新锐品牌,2025-03-26,2025-03-31,5,新品首发,,5151,127,19824.25,0.08556153846153847,13,0.0247,156.1,0.392
CAMP00417,康莉,鞋靴,新锐品牌,2025-04-12,2025-04-15,3,大促联动,换季焕新,3858,283,33050.1,0.07905384615384616,13,0.0734,116.78,0.2475
CAMP00418,康莉,鞋靴,新锐品牌,2025-04-19,2025-04-24,5,大促联动,,5659,338,42833.69,0.0895,13,0.0597,126.73,0.3922
CAMP00419,康莉,鞋靴,新锐品牌,2025-05-01,2025-05-06,5,大促联动,五一大促,9078,605,68344.85,0.09249375,16,0.0666,112.97,0.1907
CAMP00420,ZHR,鞋靴,新锐品牌,2024-07-26,2024-08-01,6,常规场次,,6156,228,28954.82,0.09657,10,0.037,126.99,0.3867
CAMP00421,ZHR,鞋靴,新锐品牌,2024-07-29,2024-08-05,7,新品首发,,7305,184,30153.7,0.08411111111111111,9,0.0252,163.88,0.1701
CAMP00422,ZHR,鞋靴,新锐品牌,2024-08-01,2024-08-05,4,大促联动,,4304,268,33446.72,0.08162,10,0.0623,124.8,0.152
CAMP00423,ZHR,鞋靴,新锐品牌,2024-10-03,2024-10-09,6,清仓专场,,5984,436,37296.39,0.07581428571428571,14,0.0729,85.54,0.3156
CAMP00424,ZHR,鞋靴,新锐品牌,2024-10-16,2024-10-19,3,常规场次,,2974,130,18229.22,0.08959166666666667,12,0.0437,140.22,0.177
CAMP00425,ZHR,鞋靴,新锐品牌,2024-10-17,2024-10-22,5,大促联动,双11预售,8778,547,54703.380000000005,0.09245714285714286,14,0.0623,100.01,0.3498
CAMP00426,ZHR,鞋靴,新锐品牌,2024-11-09,2024-11-13,4,大促联动,双11爆发,9982,670,68307.75,0.08621666666666666,12,0.0671,101.95,0.2996
CAMP00427,ZHR,鞋靴,新锐品牌,2024-11-14,2024-11-21,7,清仓专场,,8905,444,31783.55,0.08654666666666667,15,0.0499,71.58,0.3756
CAMP00428,ZHR,鞋靴,新锐品牌,2025-01-09,2025-01-12,3,常规场次,,3515,148,17830.7,0.0806111111111111,9,0.0421,120.48,0.266
CAMP00429,ZHR,鞋靴,新锐品牌,2025-05-06,2025-05-12,6,大促联动,,6325,405,36066.79,0.07127692307692307,13,0.064,89.05,0.2639
CAMP00430,ZHR,鞋靴,新锐品牌,2025-05-28,2025-06-01,4,常规场次,,4530,154,20644.04,0.09669166666666666,12,0.034,134.05,0.1751
CAMP00431,ZHR,鞋靴,新锐品牌,2025-06-17,2025-06-22,5,大促联动,618大促,12058,590,72767.65,0.08952727272727273,11,0.0489,123.34,0.2789
